"Water Buggy Honda 10 Hp Kuyruklu,,https://www.trendyol.com/oceanmarine/water-buggy-honda-10-hp-kuyruklu-p-638147692?boutiqueId=61&merchantId=164301,""290.788,86 TL"""
"Water Buggy Tohatsu 9,9hp Kuyruklu,,https://www.trendyol.com/oceanmarine/water-buggy-tohatsu-9-9hp-kuyruklu-p-638145554?boutiqueId=61&merchantId=164301,""280.625,13 TL"""
"480b Rib 1.0mm Hypalon Konsollu Fiber Taban Şişme Bot,,https://www.trendyol.com/acuatico/480b-rib-1-0mm-hypalon-konsollu-fiber-taban-sisme-bot-p-467383053?boutiqueId=61&merchantId=233848,""273.322,27 TL"""
"Timemachine Road 01 Two Karbon Yol Bisikleti,,https://www.trendyol.com/bmc/timemachine-road-01-two-karbon-yol-bisikleti-p-471140881?boutiqueId=61&merchantId=747280,""269.407,37 TL"""
"480b Rib 1.0 Mm Hypalon Konsollu Fiber Taban Şişme Bot,,https://www.trendyol.com/acuatico/480b-rib-1-0-mm-hypalon-konsollu-fiber-taban-sisme-bot-p-458172946?boutiqueId=61&merchantId=602837,""247.858,02 TL"""
"Jr-f-385-c Lüks Oturma Gruplu Fiber Tabanlı Şişme Bot,,https://www.trendyol.com/jeetrib/jr-f-385-c-luks-oturma-gruplu-fiber-tabanli-sisme-bot-p-364799982?boutiqueId=61&merchantId=233848,""233.615,22 TL"""
"430b Rib 1.0mm Hypalon Konsollu Fiber Taban Şişme Bot,,https://www.trendyol.com/acuatico/430b-rib-1-0mm-hypalon-konsollu-fiber-taban-sisme-bot-p-467438594?boutiqueId=61&merchantId=233848,""232.826,42 TL"""
Kas Geliştirme Cihazı,,https://www.trendyol.com/umex/kas-gelistirme-cihazi-p-334906437?boutiqueId=61&merchantId=534419,217.900 TL
"Teammachine Slr01 One Karbon Yol Bisikleti,,https://www.trendyol.com/bmc/teammachine-slr01-one-karbon-yol-bisikleti-p-471099581?boutiqueId=61&merchantId=747280,""214.405,49 TL"""
"430b Rib 1 Mm Hypalon Konsollu Fiber Taban Şişme Bot,,https://www.trendyol.com/acuatico/430b-rib-1-mm-hypalon-konsollu-fiber-taban-sisme-bot-p-458711649?boutiqueId=61&merchantId=602837,""211.134,99 TL"""
"Jr-f-385-sc Oturma Grubu Ve Konsollu Fiber Tabanlı Şişme Bot,,https://www.trendyol.com/jeetrib/jr-f-385-sc-oturma-grubu-ve-konsollu-fiber-tabanli-sisme-bot-p-364843228?boutiqueId=61&merchantId=233848,""206.518,44 TL"""
"390c Rib 1.0mm Hypalon Konsollu Fiber Taban Şişme Bot,,https://www.trendyol.com/acuatico/390c-rib-1-0mm-hypalon-konsollu-fiber-taban-sisme-bot-p-467378348?boutiqueId=61&merchantId=233848,""205.361,91 TL"""
"F60elpt 60hp Uzun Şaft Marşlı Trimli Direksiyonlu Deniz Motoru,,https://www.trendyol.com/mercury/f60elpt-60hp-uzun-saft-marsli-trimli-direksiyonlu-deniz-motoru-p-148247790?boutiqueId=61&merchantId=163305,""203.070,22 TL"""
"360c Rib 1.0mm Hypalon Konsollu Fiber Taban Şişme Bot,,https://www.trendyol.com/acuatico/360c-rib-1-0mm-hypalon-konsollu-fiber-taban-sisme-bot-p-467371997?boutiqueId=61&merchantId=233848,""197.345,67 TL"""
"390c Rib 1 mm Hypalon Konsollu Fiber Taban Şişme Bot,,https://www.trendyol.com/acuatico/390c-rib-1-mm-hypalon-konsollu-fiber-taban-sisme-bot-p-458714457?boutiqueId=61&merchantId=602837,""186.229,24 TL"""
"F40elpt 40hp Uzun Şaft Marşlı Trimli Direksiyonlu Deniz Motoru,,https://www.trendyol.com/mercury/f40elpt-40hp-uzun-saft-marsli-trimli-direksiyonlu-deniz-motoru-p-169301935?boutiqueId=61&merchantId=163305,""180.470,22 TL"""
Vücut Şekillendirme Cihazı,,https://www.trendyol.com/umex/vucut-sekillendirme-cihazi-p-332586990?boutiqueId=61&merchantId=534419,179.900 TL
"360c Rib 1 mm Hypalon Konsollu Fiber Taban Şişme Bot,,https://www.trendyol.com/acuatico/360c-rib-1-mm-hypalon-konsollu-fiber-taban-sisme-bot-p-458709729?boutiqueId=61&merchantId=602837,""178.917,70 TL"""
"330c Rib 1 Mm Hypalon Konsollu Fiber Taban Şişme Bot,,https://www.trendyol.com/acuatico/330c-rib-1-mm-hypalon-konsollu-fiber-taban-sisme-bot-p-458150183?boutiqueId=61&merchantId=602837,""169.613,45 TL"""
East Ems Body,,https://www.trendyol.com/east-medical/east-ems-body-p-475980398?boutiqueId=61&merchantId=620533,168.875 TL
Q Depar Safe Koşu Dronu,,https://www.trendyol.com/qtechnic/q-depar-safe-kosu-dronu-p-475383666?boutiqueId=61&merchantId=481689,167.890 TL
Diesel 159 5'Li İstasyon,,https://www.trendyol.com/voit/diesel-159-5-li-istasyon-p-45802679?boutiqueId=61&merchantId=302113,165.000 TL
Q-sti Q Depar Dıamond Plus Koşu Dronu,,https://www.trendyol.com/qtechnic/q-sti-q-depar-diamond-plus-kosu-dronu-p-338662503?boutiqueId=61&merchantId=481689,162.890 TL
"Roadmachine 01 Three Karbon Yol Bisikleti,,https://www.trendyol.com/bmc/roadmachine-01-three-karbon-yol-bisikleti-p-471097227?boutiqueId=61&merchantId=747280,""158.639,69 TL"""
"330c Rib 1,2mm Pvc Konsollu Fiber Taban Şişme Bot + Tik Döşeme,,https://www.trendyol.com/acuatico/330c-rib-1-2mm-pvc-konsollu-fiber-taban-sisme-bot-tik-doseme-p-467362061?boutiqueId=61&merchantId=233848,""157.955,51 TL"""
Q Tsunami Yüzme Dronu,,https://www.trendyol.com/qtechnic/q-tsunami-yuzme-dronu-p-289691895?boutiqueId=61&merchantId=481689,154.890 TL
"Acuatico 330c Rib 1.2mm Pvc Şişme Bot Lacivert (FİBER TABAN TİK DÖŞEME),,https://www.trendyol.com/acuatico/acuatico-330c-rib-1-2mm-pvc-sisme-bot-lacivert-fiber-taban-tik-doseme-p-298497350?boutiqueId=61&merchantId=602837,""150.352,39 TL"""
Pilates Stüdyo Paketi,,https://www.trendyol.com/ipf/pilates-studyo-paketi-p-71644824?boutiqueId=61&merchantId=286850,149.950 TL
"Ab Lammina 11 Al Şişme Bot, Alüminyum Tabanlı 3.50 M,,https://www.trendyol.com/ab-boat/ab-lammina-11-al-sisme-bot-aluminyum-tabanli-3-50-m-p-382803107?boutiqueId=61&merchantId=233848,""148.609,63 TL"""
"Coltri Smart 315l/dk Et Mch16 400v/50hz,,https://www.trendyol.com/coltri-sub/coltri-smart-315l-dk-et-mch16-400v-50hz-p-354557794?boutiqueId=61&merchantId=451697,""143.327,92 TL"""
"Yüzme Havuzu Bora Silver Set Zemin Üstü 8 mt H:120 cm,,https://www.trendyol.com/sermed-havuz/yuzme-havuzu-bora-silver-set-zemin-ustu-8-mt-h-120-cm-p-290545742?boutiqueId=61&merchantId=569910,""142.334,99 TL"""
"Yüzme Havuzu Bora Silver Set Yarı Gömme Tip 8 mt H:120 cm,,https://www.trendyol.com/sermed-havuz/yuzme-havuzu-bora-silver-set-yari-gomme-tip-8-mt-h-120-cm-p-290556150?boutiqueId=61&merchantId=569910,""141.959,99 TL"""
"Yüzme Havuzu Bora Silver Set Gömme Tip 8 Metre H:120 Cm,,https://www.trendyol.com/sermed-havuz/yuzme-havuzu-bora-silver-set-gomme-tip-8-metre-h-120-cm-p-290563946?boutiqueId=61&merchantId=569910,""141.584,99 TL"""
"Ocean Sea Scooter,,https://www.trendyol.com/oceanmarine/ocean-sea-scooter-p-267177850?boutiqueId=61&merchantId=164301,""140.050,61 TL"""
900 Halı Saha Fırçalama Makinesi,,https://www.trendyol.com/sentechag/900-hali-saha-fircalama-makinesi-p-624764235?boutiqueId=61&merchantId=721841,135.600 TL
K1s Elektrikli Scooter,,https://www.trendyol.com/kaaspeed/k1s-elektrikli-scooter-p-637386448?boutiqueId=61&merchantId=768756,135.000 TL
"F20bmhl 20hp Manuel Uzun Şaft Deniz Motoru,,https://www.trendyol.com/yamaha/f20bmhl-20hp-manuel-uzun-saft-deniz-motoru-p-90030391?boutiqueId=61&merchantId=163305,""133.299,05 TL"""
"Teammachine Slr02 Dısc Two Karbon Yol Bisikleti 56cm,,https://www.trendyol.com/bmc/teammachine-slr02-disc-two-karbon-yol-bisikleti-56cm-p-471100610?boutiqueId=61&merchantId=747280,""132.411,94 TL"""
"390b Rib 1.2mm Pvc Konsollu Fiber Taban Şişme Bot,,https://www.trendyol.com/acuatico/390b-rib-1-2mm-pvc-konsollu-fiber-taban-sisme-bot-p-467398724?boutiqueId=61&merchantId=233848,""130.313,30 TL"""
"Yüzme Havuzu Bora Silver Set Zemin Üstü 8 Metre H:90 Cm,,https://www.trendyol.com/sermed-havuz/yuzme-havuzu-bora-silver-set-zemin-ustu-8-metre-h-90-cm-p-290540953?boutiqueId=61&merchantId=569910,""130.034,99 TL"""
"Yüzme Havuzu Bora Silver Set Yarı Gömme Tip 8 Metre H:90 cm,,https://www.trendyol.com/sermed-havuz/yuzme-havuzu-bora-silver-set-yari-gomme-tip-8-metre-h-90-cm-p-291670596?boutiqueId=61&merchantId=569910,""129.659,99 TL"""
"Yüzme Havuzu Bora Silver Set Gömme Tip 8 Metre H:90 Cm,,https://www.trendyol.com/sermed-havuz/yuzme-havuzu-bora-silver-set-gomme-tip-8-metre-h-90-cm-p-290569866?boutiqueId=61&merchantId=569910,""129.284,99 TL"""
"Teammachine Slr01 Dısc Four Karbon Yol Bisikleti,,https://www.trendyol.com/bmc/teammachine-slr01-disc-four-karbon-yol-bisikleti-p-471097426?boutiqueId=61&merchantId=747280,""129.016,76 TL"""
"Cappadocıa Nırvana Ep8 Xt Di2 Elektrikli Karbon Bisiklet 19 Kadro,,https://www.trendyol.com/salcano/cappadocia-nirvana-ep8-xt-di2-elektrikli-karbon-bisiklet-19-kadro-p-635610639?boutiqueId=61&merchantId=115347,""123.000,01 TL"""
"360b Rib 1.2mm Pvc Konsollu Fiber Taban Şişme Bot,,https://www.trendyol.com/acuatico/360b-rib-1-2mm-pvc-konsollu-fiber-taban-sisme-bot-p-467389103?boutiqueId=61&merchantId=233848,""122.415,52 TL"""
"Professional Endless Ride 8-12 Ringo,,https://www.trendyol.com/spinera/professional-endless-ride-8-12-ringo-p-92892699?boutiqueId=61&merchantId=164301,""120.638,20 TL"""
Life Span Tr7000ic Profesyonel Koşu Bandı,,https://www.trendyol.com/valeo/life-span-tr7000ic-profesyonel-kosu-bandi-p-316161659?boutiqueId=61&merchantId=251664,119.990 TL
Lector 7.9 Lc U Erkek Dağ Bisikleti Hd 29 Jant 12 Vites Yel/blk/gry M Beden,,https://www.trendyol.com/ghost/lector-7-9-lc-u-erkek-dag-bisikleti-hd-29-jant-12-vites-yel-blk-gry-m-beden-p-92871514?boutiqueId=61&merchantId=119507,119.900 TL
Evdesporset4 Dapsmith Ayarlı Sehpa Koşu Bandı 2,5-15kg Dambıl Stand 65kgplaka Aparat,,https://www.trendyol.com/maxtech/evdesporset4-dapsmith-ayarli-sehpa-kosu-bandi-2-5-15kg-dambil-stand-65kgplaka-aparat-p-80350711?boutiqueId=61&merchantId=142337,119.000 TL
"390b Rib 1.2 Mm Pvc Konsollu Fiber Taban Şişme Bot,,https://www.trendyol.com/acuatico/390b-rib-1-2-mm-pvc-konsollu-fiber-taban-sisme-bot-p-458180097?boutiqueId=61&merchantId=602837,""118.115,74 TL"""
"330b Rib 1.2mm Pvc Konsollu Fiber Taban Şişme Bot,,https://www.trendyol.com/acuatico/330b-rib-1-2mm-pvc-konsollu-fiber-taban-sisme-bot-p-467437080?boutiqueId=61&merchantId=233848,""115.504,97 TL"""
9059 Multi Station (4 Station),,https://www.trendyol.com/diesel-fitness/9059-multi-station-4-station-p-45597139?boutiqueId=61&merchantId=701083,114.000 TL
Yüzme Havuzu Maldiv Silver Set Yarı Gömme Tip 7 X 3.5 Metre H:120 Cm,,https://www.trendyol.com/sermed-havuz/yuzme-havuzu-maldiv-silver-set-yari-gomme-tip-7-x-3-5-metre-h-120-cm-p-291728565?boutiqueId=61&merchantId=569910,113.235 TL
Yüzme Havuzu Maldiv Silver Set Gömme Tip 7 X 3.5 Metre H:120 Cm,,https://www.trendyol.com/sermed-havuz/yuzme-havuzu-maldiv-silver-set-gomme-tip-7-x-3-5-metre-h-120-cm-p-290541228?boutiqueId=61&merchantId=569910,112.485 TL
"Professional Race Car 4-10 Hd Ringo,,https://www.trendyol.com/spinera/professional-race-car-4-10-hd-ringo-p-92895714?boutiqueId=61&merchantId=164301,""111.229,60 TL"""
"Acuatico 360b Rib 1.2mm Pvc Şişme Bot,,https://www.trendyol.com/uygar-marine/acuatico-360b-rib-1-2mm-pvc-sisme-bot-p-314119696?boutiqueId=61&merchantId=602837,""110.957,22 TL"""
Yüzme Havuzu Bora Silver Set Zemin Üstü 7 Metre H:120 cm,,https://www.trendyol.com/sermed-havuz/yuzme-havuzu-bora-silver-set-zemin-ustu-7-metre-h-120-cm-p-290569423?boutiqueId=61&merchantId=569910,110.850 TL
"Yüzme Havuzu Bora Silver Set Yarı Gömme Tip 7 Metre H:120 cm,,https://www.trendyol.com/sermed-havuz/yuzme-havuzu-bora-silver-set-yari-gomme-tip-7-metre-h-120-cm-p-290556108?boutiqueId=61&merchantId=569910,""110.474,99 TL"""
"Yüzme Havuzu Bora Silver Set Gömme Tip 7 Metre H:120 Cm,,https://www.trendyol.com/sermed-havuz/yuzme-havuzu-bora-silver-set-gomme-tip-7-metre-h-120-cm-p-290567619?boutiqueId=61&merchantId=569910,""110.099,99 TL"""
Yüzme Havuzu Maldiv Silver Set Yarı Gömme Tip 7 X 3.5 Metre H:90 Cm,,https://www.trendyol.com/sermed-havuz/yuzme-havuzu-maldiv-silver-set-yari-gomme-tip-7-x-3-5-metre-h-90-cm-p-290534999?boutiqueId=61&merchantId=569910,109.485 TL
Q sti Q Compact Dıamond Plus Koşu Dronu,,https://www.trendyol.com/qtechnic/q-sti-q-compact-diamond-plus-kosu-dronu-p-338664185?boutiqueId=61&merchantId=481689,108.890 TL
Yüzme Havuzu Maldiv Silver Set Gömme Tip 7 X 3.5 Metre H:90 Cm,,https://www.trendyol.com/sermed-havuz/yuzme-havuzu-maldiv-silver-set-gomme-tip-7-x-3-5-metre-h-90-cm-p-290557199?boutiqueId=61&merchantId=569910,108.735 TL
2022 Scale Rc Team Issue Axs Dağ Bisikleti Mat Siyah L,,https://www.trendyol.com/scott/2022-scale-rc-team-issue-axs-dag-bisikleti-mat-siyah-l-p-354176698?boutiqueId=61&merchantId=108744,108.650 TL
"Fly Fish Pro Ff600 6 Kişilik Ringo,,https://www.trendyol.com/zebec/fly-fish-pro-ff600-6-kisilik-ringo-p-639345537?boutiqueId=61&merchantId=164301,""108.483,65 TL"""
"Kickr Bike,,https://www.trendyol.com/wahoo/kickr-bike-p-165164204?boutiqueId=61&merchantId=233632,""106.930,20 TL"""
"Bıanchı Arıa Aero 105 Karbon Erkek Şehir Bisikleti 555h Hd 28 Jant 12 Vites Celeste Siyah,,https://www.trendyol.com/bianchi/bianchi-aria-aero-105-karbon-erkek-sehir-bisikleti-555h-hd-28-jant-12-vites-celeste-siyah-p-648969321?boutiqueId=61&merchantId=107010,""104.899,99 TL"""
"330b Rib 1.2mm Pvc Konsollu Fiber Taban Şişme Bot,,https://www.trendyol.com/acuatico/330b-rib-1-2mm-pvc-konsollu-fiber-taban-sisme-bot-p-458233209?boutiqueId=61&merchantId=602837,""104.693,49 TL"""
"Martini Gtx Tandem Kano-turuncu,,https://www.trendyol.com/point65/martini-gtx-tandem-kano-turuncu-p-471502654?boutiqueId=61&merchantId=679750,""103.282,31 TL"""
"Martini Gtx Tandem Kano-sarı,,https://www.trendyol.com/point65/martini-gtx-tandem-kano-sari-p-471502153?boutiqueId=61&merchantId=679750,""103.282,31 TL"""
"Tandem Kano Mavi,,https://www.trendyol.com/point65/tandem-kano-mavi-p-471500794?boutiqueId=61&merchantId=679750,""103.282,31 TL"""
Q Dalga Pro-kompakt Yüzme Dronu,,https://www.trendyol.com/qtechnic/q-dalga-pro-kompakt-yuzme-dronu-p-273814324?boutiqueId=61&merchantId=481689,102.890 TL
"Addict Rc 30 Sram Rival Axs Disk Karbon Yol Bisiklet S/52beden,,https://www.trendyol.com/scott/addict-rc-30-sram-rival-axs-disk-karbon-yol-bisiklet-s-52beden-p-634730427?boutiqueId=61&merchantId=277423,""102.335,97 TL"""
Evdespor Set3 Dapsmith Ayarlı Sehpa Eliptik Bisiklet 2,5-15kg.dambıl Set 65kg Plaka Aparat,,https://www.trendyol.com/maxtech/evdespor-set3-dapsmith-ayarli-sehpa-eliptik-bisiklet-2-5-15kg-dambil-set-65kg-plaka-aparat-p-80354799?boutiqueId=61&merchantId=142337,102.000 TL
Koşu Bandı Commercial 2950 Ntl19221-ınt,,https://www.trendyol.com/nordictrack/kosu-bandi-commercial-2950-ntl19221-int-p-353084882?boutiqueId=61&merchantId=104841,101.000 TL
Koşu Bandı Commercial 2950-netl28719,,https://www.trendyol.com/nordictrack/kosu-bandi-commercial-2950-netl28719-p-52331187?boutiqueId=61&merchantId=251664,100.985 TL
Max Tech Profesyonel Dap Set6 (Dap, Ayarlı Sehpa, Profesyonel Koşu Bandı, Aparatlar),,https://www.trendyol.com/maxtech/max-tech-profesyonel-dap-set6-dap-ayarli-sehpa-profesyonel-kosu-bandi-aparatlar-p-80350921?boutiqueId=61&merchantId=142337,100.900 TL
Yüzme Havuzu Bora Silver Set Zemin Üstü 7 Metre H:90 Cm,,https://www.trendyol.com/sermed-havuz/yuzme-havuzu-bora-silver-set-zemin-ustu-7-metre-h-90-cm-p-290560289?boutiqueId=61&merchantId=569910,100.485 TL
"Yüzme Havuzu Bora Silver Set Yarı Gömme Tip 7 m H:90 cm,,https://www.trendyol.com/sermed-havuz/yuzme-havuzu-bora-silver-set-yari-gomme-tip-7-m-h-90-cm-p-292041194?boutiqueId=61&merchantId=569910,""100.109,99 TL"""
"Yüzme Havuzu Bora Silver Set Gömme Tip 7 Metre H:90 Cm,,https://www.trendyol.com/sermed-havuz/yuzme-havuzu-bora-silver-set-gomme-tip-7-metre-h-90-cm-p-291505037?boutiqueId=61&merchantId=569910,""99.734,99 TL"""
Tba9000 Aletli Çalışma Tezgahı,,https://www.trendyol.com/superb/tba9000-aletli-calisma-tezgahi-p-650545286?boutiqueId=61&merchantId=131255,99.500 TL
Gravel Ge 8.0 Elektrikli Gravel Bisiklet (52cm) Kadro,,https://www.trendyol.com/carraro/gravel-ge-8-0-elektrikli-gravel-bisiklet-52cm-kadro-p-409982724?boutiqueId=61&merchantId=377089,97.900 TL
Yüzme Havuzu Maldiv Silver Set Yarı Gömme Tip 7 X 3.5 Metre H:60 cm,,https://www.trendyol.com/sermed-havuz/yuzme-havuzu-maldiv-silver-set-yari-gomme-tip-7-x-3-5-metre-h-60-cm-p-291738207?boutiqueId=61&merchantId=569910,97.785 TL
Marka Tremont Model 8 Ft Pool (amerikan) Bilardo Masası,,https://www.trendyol.com/brunswick/marka-tremont-model-8-ft-pool-amerikan-bilardo-masasi-p-279097932?boutiqueId=61&merchantId=596479,97.700 TL
2023 Gravel Ge 8.0 Elektrikli Yol Bisikleti Mat Antrasit-siyah-mavi 52 Cm,,https://www.trendyol.com/carraro/2023-gravel-ge-8-0-elektrikli-yol-bisikleti-mat-antrasit-siyah-mavi-52-cm-p-112507915?boutiqueId=61&merchantId=108744,97.500 TL
Gravel Ge 8.0 Elektrikli Gravel Bisiklet (55cm),,https://www.trendyol.com/carraro/gravel-ge-8-0-elektrikli-gravel-bisiklet-55cm-p-366468970?boutiqueId=61&merchantId=280035,97.500 TL
Yüzme Havuzu Maldiv Silver Set Gömme Tip 7 X 3.5 Metre H:60 cm,,https://www.trendyol.com/sermed-havuz/yuzme-havuzu-maldiv-silver-set-gomme-tip-7-x-3-5-metre-h-60-cm-p-290560954?boutiqueId=61&merchantId=569910,97.185 TL
Curve Kavisli Koşu Bandı,,https://www.trendyol.com/diesel-fitness/curve-kavisli-kosu-bandi-p-73401170?boutiqueId=61&merchantId=701083,96.900 TL
Yüzme Havuzu Bora Silver Set Zemin Üstü 8 Metre H:60 Cm,,https://www.trendyol.com/sermed-havuz/yuzme-havuzu-bora-silver-set-zemin-ustu-8-metre-h-60-cm-p-290538498?boutiqueId=61&merchantId=569910,96.735 TL
"Yüzme Havuzu Bora Silver Set Yarı Gömme Tip 8 Metre H:60 Cm,,https://www.trendyol.com/sermed-havuz/yuzme-havuzu-bora-silver-set-yari-gomme-tip-8-metre-h-60-cm-p-290574677?boutiqueId=61&merchantId=569910,""96.359,99 TL"""
"Kifuka Fs Plus 27.5 Jant Elektrikli Dağ Bisikleti,,https://www.trendyol.com/carraro/kifuka-fs-plus-27-5-jant-elektrikli-dag-bisikleti-p-211747445?boutiqueId=61&merchantId=664333,""96.279,33 TL"""
"Xo13 Gte Rudder & Skeg Kano-mavi,,https://www.trendyol.com/point65/xo13-gte-rudder-skeg-kano-mavi-p-471501750?boutiqueId=61&merchantId=679750,""96.180,80 TL"""
F1 Smart Katlanabilir Koşu Bandı,,https://www.trendyol.com/life-fitness/f1-smart-katlanabilir-kosu-bandi-p-349932890?boutiqueId=61&merchantId=335471,96.000 TL
"Yüzme Havuzu Bora Silver Set Gömme Tip 8 Metre H:60 Cm,,https://www.trendyol.com/sermed-havuz/yuzme-havuzu-bora-silver-set-gomme-tip-8-metre-h-60-cm-p-290554537?boutiqueId=61&merchantId=569910,""95.984,99 TL"""
Lector 4.9 Lc Erkek Dağ Bisikleti Hd 29 Jant 22 Vites Blk /yel M Beden,,https://www.trendyol.com/ghost/lector-4-9-lc-erkek-dag-bisikleti-hd-29-jant-22-vites-blk-yel-m-beden-p-100129898?boutiqueId=61&merchantId=119507,95.880 TL
Reload Dısc Ultegra Kırmızı 52 Cm,,https://www.trendyol.com/bisan/reload-disc-ultegra-kirmizi-52-cm-p-442730596?boutiqueId=61&merchantId=489112,94.755 TL
Yüzme Havuzu Maldiv Silver Set Yarı Gömme Tip 7 X 3 Metre H:120 Cm,,https://www.trendyol.com/sermed-havuz/yuzme-havuzu-maldiv-silver-set-yari-gomme-tip-7-x-3-metre-h-120-cm-p-290541222?boutiqueId=61&merchantId=569910,94.485 TL
Yüzme Havuzu Maldiv Silver Set Gömme Tip 7 X 3 Metre H:120 Cm,,https://www.trendyol.com/sermed-havuz/yuzme-havuzu-maldiv-silver-set-gomme-tip-7-x-3-metre-h-120-cm-p-290554654?boutiqueId=61&merchantId=569910,94.185 TL
Nexus Plus Koşu Bandı,,https://www.trendyol.com/diesel-fitness/nexus-plus-kosu-bandi-p-357908388?boutiqueId=61&merchantId=701083,92.900 TL
Q-sti Q Kompakt Koşu Dronu,,https://www.trendyol.com/qtechnic/q-sti-q-kompakt-kosu-dronu-p-296843594?boutiqueId=61&merchantId=481689,92.890 TL
Yüzme Havuzu Maldiv Silver Set Yarı Gömme Tip 7 X 3 Metre H:90 Cm,,https://www.trendyol.com/sermed-havuz/yuzme-havuzu-maldiv-silver-set-yari-gomme-tip-7-x-3-metre-h-90-cm-p-290540791?boutiqueId=61&merchantId=569910,91.485 TL
